Will be tested for,Marks Obtained,Maximum Marks,Percentage
Senior Maths ICSE,44.0,50,88.0
Senior Maths ICSE,39.0,50,78.0
Senior Maths ICSE,29.0,50,57.99999999999999
Senior Maths ICSE,28.0,50,56.00000000000001
Senior Maths ICSE,24.0,50,48.0
Senior Maths ICSE,20.0,50,40.0
Senior Maths ICSE,15.0,50,30.0
Senior Maths ICSE,15.0,50,30.0
Senior Maths ICSE,11.0,50,22.0
Senior Maths ICSE,10.0,50,20.0
Robotics,53.0,100,53.0
Robotics,46.5,100,46.5
Robotics,34.5,100,34.5
Robotics,9.5,50,19.0
Primary Maths,38.5,50,77.0
Primary Maths,36.0,50,72.0
Primary Maths,40.5,50,81.0
Primary Maths,42.5,50,85.0
Primary Maths,40.5,50,81.0
Primary Maths,42.0,50,84.0
Primary Maths,43.0,50,86.0
Primary Maths,41.5,50,83.0
Primary Maths,39.0,50,78.0
Primary Maths,37.5,50,75.0
Primary Maths,38.5,50,77.0
Primary Maths,37.0,50,74.0
Primary Maths,38.0,50,76.0
Primary Maths,45.5,50,91.0
Primary Maths,36.5,50,73.0
Primary Maths,39.5,50,79.0
Primary Maths,42.0,50,84.0
Primary Maths,36.5,50,73.0
Primary Maths,36.5,50,73.0
Primary Maths,37.5,50,75.0
Primary Maths,42.0,50,84.0
Primary Maths,47.0,50,94.0
Primary Maths,35.5,50,71.0
Primary Maths,36.5,50,73.0
Primary Maths,37.5,50,75.0
Primary Maths,35.5,50,71.0
Primary Maths,35.0,50,70.0
Primary Maths,35.0,50,70.0
Primary Maths,35.0,50,70.0
Primary Maths,35.0,50,70.0
Primary Maths,35.0,50,70.0
Primary Maths,34.5,50,69.0
Primary Maths,33.5,50,67.0
Primary Maths,33.5,50,67.0
Primary Maths,33.5,50,67.0
Primary Maths,33.0,50,66.0
Primary Maths,32.5,50,65.0
Primary Maths,32.5,50,65.0
Primary Maths,32.0,50,64.0
Primary Maths,32.0,50,64.0
Primary Maths,31.5,50,63.0
Primary Maths,31.0,50,62.0
Primary Maths,31.0,50,62.0
Primary Maths,30.5,50,61.0
Primary Maths,30.5,50,61.0
Primary Maths,30.0,50,60.0
Primary Maths,29.5,50,59.0
Primary Maths,29.5,50,59.0
Primary Maths,29.5,50,59.0
Primary Maths,29.0,50,57.99999999999999
Primary Maths,28.0,50,56.00000000000001
Primary Maths,28.0,50,56.00000000000001
Primary Maths,28.0,50,56.00000000000001
Primary Maths,27.5,50,55.00000000000001
Primary Maths,27.5,50,55.00000000000001
Primary Maths,27.5,50,55.00000000000001
Primary Maths,27.0,50,54.0
Primary Maths,27.0,50,54.0
Primary Maths,27.0,50,54.0
Primary Maths,25.5,50,51.0
Primary Maths,25.5,50,51.0
Primary Maths,25.0,50,50.0
Primary Maths,24.5,50,49.0
Primary Maths,24.5,50,49.0
Primary Maths,23.5,50,47.0
Primary Maths,23.5,50,47.0
Primary Maths,23.0,50,46.0
Primary Maths,22.5,50,45.0
Primary Maths,21.5,50,43.0
Primary Maths,21.0,50,42.0
Primary Maths,21.0,50,42.0
Primary Maths,21.0,50,42.0
Primary Maths,20.0,50,40.0
Primary Maths,20.0,50,40.0
Primary Maths,19.5,50,39.0
Primary Maths,18.0,50,36.0
Primary Maths,17.5,50,35.0
Primary Maths,17.0,50,34.0
Primary Maths,17.0,50,34.0
Primary Maths,15.0,50,30.0
Primary Maths,14.5,50,28.999999999999996
Primary Maths,14.5,50,28.999999999999996
Primary Maths,14.0,50,28.000000000000004
Primary Maths,13.5,50,27.0
Primary Maths,13.5,50,27.0
Primary Maths,13.0,50,26.0
Primary Maths,13.0,50,26.0
Primary Maths,10.0,50,20.0
Primary Maths,9.5,50,19.0
Primary Maths,9.5,50,19.0
Primary Maths,47.5,50,95.0
Primary Maths,47.0,50,94.0
Primary Maths,46.0,50,92.0
Primary Maths,37.0,50,74.0
Primary Maths,36.0,50,72.0
Primary Computer,74.0,100,74.0
Primary Computer,67.0,100,67.0
Primary Computer,62.0,100,62.0
Primary Computer,69.5,100,69.5
Primary Computer,60.5,100,60.5
Primary Computer,68.5,100,68.5
Primary Computer,26.5,50,53.0
Primary Computer,26.0,50,52.0
Primary Computer,25.0,50,50.0
Primary Computer,22.5,50,45.0
Primary Computer,22.5,50,45.0
Primary Computer,20.0,50,40.0
Primary Computer,19.5,50,39.0
Primary Computer,19.0,50,38.0
Primary Computer,16.5,50,33.0
Primary Computer,16.5,50,33.0
Primary Computer,16.0,50,32.0
Primary Computer,14.5,50,28.999999999999996
Primary Computer,13.5,50,27.0
Primary Computer,13.5,50,27.0
Primary Computer,12.5,50,25.0
Primary Computer,12.0,50,24.0
Primary Computer,11.5,50,23.0
Pre-Primary,25.0,50,50.0
Pre-Primary,27.0,50,54.0
Pre-Primary,26.0,50,52.0
Pre-Primary,31.5,50,63.0
Pre-Primary,27.5,50,55.00000000000001
Pre-Primary,26.0,50,52.0
Pre-Primary,31.5,50,63.0
Pre-Primary,29.0,50,57.99999999999999
Pre-Primary,32.0,50,64.0
Pre-Primary,25.0,50,50.0
Pre-Primary,31.0,50,62.0
Pre-Primary,27.5,50,55.00000000000001
Pre-Primary,27.0,50,54.0
Pre-Primary,29.0,50,57.99999999999999
Pre-Primary,26.5,50,53.0
Pre-Primary,31.0,50,62.0
Pre-Primary,36.0,50,72.0
Pre-Primary,25.5,50,51.0
Pre-Primary,29.5,50,59.0
Pre-Primary,24.5,50,49.0
Pre-Primary,26.0,50,52.0
Pre-Primary,32.5,50,65.0
Pre-Primary,25.5,50,51.0
Pre-Primary,28.0,50,56.00000000000001
Pre-Primary,25.0,50,50.0
Pre-Primary,24.5,50,49.0
Pre-Primary,26.5,50,53.0
Pre-Primary,26.0,50,52.0
Pre-Primary,28.0,50,56.00000000000001
Pre-Primary,29.5,50,59.0
Pre-Primary,27.0,50,54.0
Pre-Primary,24.5,50,49.0
Pre-Primary,27.5,50,55.00000000000001
Pre-Primary,37.0,50,74.0
Pre-Primary,27.5,50,55.00000000000001
Pre-Primary,26.5,50,53.0
Pre-Primary,24.0,50,48.0
Pre-Primary,24.0,50,48.0
Pre-Primary,24.0,50,48.0
Pre-Primary,23.0,50,46.0
Pre-Primary,23.0,50,46.0
Pre-Primary,23.0,50,46.0
Pre-Primary,22.5,50,45.0
Pre-Primary,22.5,50,45.0
Pre-Primary,22.5,50,45.0
Pre-Primary,22.0,50,44.0
Pre-Primary,22.0,50,44.0
Pre-Primary,22.0,50,44.0
Pre-Primary,22.0,50,44.0
Pre-Primary,22.0,50,44.0
Pre-Primary,22.0,50,44.0
Pre-Primary,22.0,50,44.0
Pre-Primary,21.5,50,43.0
Pre-Primary,21.5,50,43.0
Pre-Primary,21.0,50,42.0
Pre-Primary,21.0,50,42.0
Pre-Primary,21.0,50,42.0
Pre-Primary,21.0,50,42.0
Pre-Primary,20.5,50,41.0
Pre-Primary,20.5,50,41.0
Pre-Primary,20.5,50,41.0
Pre-Primary,20.5,50,41.0
Pre-Primary,20.5,50,41.0
Pre-Primary,20.5,50,41.0
Pre-Primary,20.0,50,40.0
Pre-Primary,20.0,50,40.0
Pre-Primary,20.0,50,40.0
Pre-Primary,20.0,50,40.0
Pre-Primary,20.0,50,40.0
Pre-Primary,20.0,50,40.0
Pre-Primary,20.0,50,40.0
Pre-Primary,19.5,50,39.0
Pre-Primary,19.5,50,39.0
Pre-Primary,19.5,50,39.0
Pre-Primary,19.0,50,38.0
Pre-Primary,19.0,50,38.0
Pre-Primary,19.0,50,38.0
Pre-Primary,19.0,50,38.0
Pre-Primary,18.5,50,37.0
Pre-Primary,18.5,50,37.0
Pre-Primary,18.5,50,37.0
Pre-Primary,18.5,50,37.0
Pre-Primary,18.5,50,37.0
Pre-Primary,18.5,50,37.0
Pre-Primary,18.0,50,36.0
Pre-Primary,18.0,50,36.0
Pre-Primary,18.0,50,36.0
Pre-Primary,18.0,50,36.0
Pre-Primary,18.0,50,36.0
Pre-Primary,18.0,50,36.0
Pre-Primary,18.0,50,36.0
Pre-Primary,18.0,50,36.0
Pre-Primary,18.0,50,36.0
Pre-Primary,17.5,50,35.0
Pre-Primary,17.5,50,35.0
Pre-Primary,17.5,50,35.0
Pre-Primary,17.0,50,34.0
Pre-Primary,17.0,50,34.0
Pre-Primary,17.0,50,34.0
Pre-Primary,17.0,50,34.0
Pre-Primary,17.0,50,34.0
Pre-Primary,17.0,50,34.0
Pre-Primary,17.0,50,34.0
Pre-Primary,17.0,50,34.0
Pre-Primary,16.5,50,33.0
Pre-Primary,16.5,50,33.0
Pre-Primary,16.5,50,33.0
Pre-Primary,16.5,50,33.0
Pre-Primary,16.5,50,33.0
Pre-Primary,16.5,50,33.0
Pre-Primary,16.5,50,33.0
Pre-Primary,16.0,50,32.0
Pre-Primary,16.0,50,32.0
Pre-Primary,15.5,50,31.0
Pre-Primary,15.5,50,31.0
Pre-Primary,15.5,50,31.0
Pre-Primary,15.5,50,31.0
Pre-Primary,15.0,50,30.0
Pre-Primary,15.0,50,30.0
Pre-Primary,15.0,50,30.0
Pre-Primary,15.0,50,30.0
Pre-Primary,14.5,50,28.999999999999996
Pre-Primary,14.5,50,28.999999999999996
Pre-Primary,14.0,50,28.000000000000004
Pre-Primary,14.0,50,28.000000000000004
Pre-Primary,13.5,50,27.0
Pre-Primary,13.5,50,27.0
Pre-Primary,13.5,50,27.0
Pre-Primary,13.5,50,27.0
Pre-Primary,13.5,50,27.0
Pre-Primary,13.0,50,26.0
Pre-Primary,13.0,50,26.0
Pre-Primary,13.0,50,26.0
Pre-Primary,12.5,50,25.0
Pre-Primary,12.5,50,25.0
Pre-Primary,12.5,50,25.0
Pre-Primary,12.5,50,25.0
Pre-Primary,12.0,50,24.0
Pre-Primary,12.0,50,24.0
Pre-Primary,12.0,50,24.0
Pre-Primary,11.5,50,23.0
Pre-Primary,11.5,50,23.0
Pre-Primary,11.5,50,23.0
Pre-Primary,11.5,50,23.0
Pre-Primary,11.0,50,22.0
Pre-Primary,10.5,50,21.0
Pre-Primary,10.5,50,21.0
Pre-Primary,10.0,50,20.0
Pre-Primary,9.5,50,19.0
Pre-Primary,8.5,50,17.0
Pre-Primary,7.5,50,15.0
Pre-Primary,7.5,50,15.0
Pre-Primary,7.0,50,14.000000000000002
Pre-Primary,7.0,50,14.000000000000002
Pre-Primary,6.5,50,13.0
Pre-Primary,6.5,50,13.0
Pre-Primary,6.0,50,12.0
Pre-Primary,4.5,50,9.0
Pre-Primary,3.0,50,6.0
Pre-Primary,32.5,50,65.0
Pre-Primary,27.0,50,54.0
Pre-Primary,26.5,50,53.0
Pre-Primary,25.0,50,50.0
Pre-Primary,24.5,50,49.0
Physical Education,45.0,50,90.0
Physical Education,36.0,50,72.0
Physical Education,38.0,50,76.0
Physical Education,40.0,50,80.0
Physical Education,38.0,50,76.0
Physical Education,44.0,50,88.0
Physical Education,34.0,50,68.0
Physical Education,47.0,50,94.0
Physical Education,48.0,50,96.0
Physical Education,41.0,50,82.0
Physical Education,50.0,50,100.0
Physical Education,39.0,50,78.0
Physical Education,33.0,50,66.0
Physical Education,30.0,50,60.0
Physical Education,28.0,50,56.00000000000001
Physical Education,27.0,50,54.0
Physical Education,26.0,50,52.0
Physical Education,25.0,50,50.0
Physical Education,24.0,50,48.0
Physical Education,21.0,50,42.0
Physical Education,17.0,50,34.0
Music,67.0,85,78.82352941176471
Music,44.0,85,51.76470588235295
Music,37.0,85,43.529411764705884
Music,67.0,85,78.82352941176471
Music,32.5,85,38.23529411764706
Music,20.0,85,23.52941176470588
Music,41.0,85,48.23529411764706
Music,40.0,85,47.05882352941176
Music,37.0,85,43.529411764705884
Music,33.0,85,38.82352941176471
Music,33.0,85,38.82352941176471
Legal Studies,41.0,50,82.0
Legal Studies,38.0,50,76.0
Legal Studies,40.0,50,80.0
Legal Studies,45.0,50,90.0
Legal Studies,48.0,50,96.0
Legal Studies,41.5,50,83.0
Legal Studies,39.0,50,78.0
Legal Studies,35.5,50,71.0
Legal Studies,35.0,50,70.0
Legal Studies,34.0,50,68.0
Legal Studies,33.5,50,67.0
Legal Studies,33.0,50,66.0
Legal Studies,32.0,50,64.0
Legal Studies,32.0,50,64.0
Legal Studies,31.0,50,62.0
Legal Studies,30.5,50,61.0
Legal Studies,30.0,50,60.0
Legal Studies,26.0,50,52.0
Legal Studies,26.0,50,52.0
Legal Studies,23.0,50,46.0
Legal Studies,19.0,50,38.0
Legal Studies,18.5,50,37.0
Legal Studies,17.0,50,34.0
Legal Studies,13.0,50,26.0
Junior Science,32.5,50,65.0
Junior Science,30.5,50,61.0
Junior Science,28.5,50,56.99999999999999
Junior Science,29.0,50,57.99999999999999
Junior Science,33.5,50,67.0
Junior Science,37.5,50,75.0
Junior Science,31.0,50,62.0
Junior Science,29.0,50,57.99999999999999
Junior Science,27.5,50,55.00000000000001
Junior Science,29.0,50,57.99999999999999
Junior Science,31.0,50,62.0
Junior Science,26.5,50,53.0
Junior Science,38.5,50,77.0
Junior Science,28.0,50,56.00000000000001
Junior Science,33.0,50,66.0
Junior Science,28.5,50,56.99999999999999
Junior Science,27.5,50,55.00000000000001
Junior Science,29.5,50,59.0
Junior Science,28.5,50,56.99999999999999
Junior Science,33.0,50,66.0
Junior Science,32.0,50,64.0
Junior Science,26.0,50,52.0
Junior Science,26.0,50,52.0
Junior Science,25.5,50,51.0
Junior Science,25.5,50,51.0
Junior Science,25.0,50,50.0
Junior Science,24.5,50,49.0
Junior Science,24.0,50,48.0
Junior Science,23.5,50,47.0
Junior Science,23.5,50,47.0
Junior Science,23.0,50,46.0
Junior Science,23.0,50,46.0
Junior Science,23.0,50,46.0
Junior Science,23.0,50,46.0
Junior Science,22.5,50,45.0
Junior Science,22.0,50,44.0
Junior Science,21.5,50,43.0
Junior Science,21.5,50,43.0
Junior Science,21.0,50,42.0
Junior Science,20.5,50,41.0
Junior Science,20.5,50,41.0
Junior Science,20.5,50,41.0
Junior Science,20.5,50,41.0
Junior Science,20.0,50,40.0
Junior Science,20.0,50,40.0
Junior Science,20.0,50,40.0
Junior Science,20.0,50,40.0
Junior Science,19.5,50,39.0
Junior Science,19.0,50,38.0
Junior Science,19.0,50,38.0
Junior Science,18.5,50,37.0
Junior Science,18.5,50,37.0
Junior Science,18.0,50,36.0
Junior Science,17.5,50,35.0
Junior Science,17.0,50,34.0
Junior Science,17.0,50,34.0
Junior Science,16.5,50,33.0
Junior Science,16.0,50,32.0
Junior Science,15.5,50,31.0
Junior Science,15.5,50,31.0
Junior Science,15.0,50,30.0
Junior Science,15.0,50,30.0
Junior Science,14.5,50,28.999999999999996
Junior Science,14.5,50,28.999999999999996
Junior Science,14.5,50,28.999999999999996
Junior Science,14.0,50,28.000000000000004
Junior Science,14.0,50,28.000000000000004
Junior Science,14.0,50,28.000000000000004
Junior Science,14.0,50,28.000000000000004
Junior Science,14.0,50,28.000000000000004
Junior Science,14.0,50,28.000000000000004
Junior Science,13.5,50,27.0
Junior Science,13.0,50,26.0
Junior Science,13.0,50,26.0
Junior Science,12.0,50,24.0
Junior Science,12.0,50,24.0
Junior Science,12.0,50,24.0
Junior Science,11.5,50,23.0
Junior Science,11.5,50,23.0
Junior Science,11.5,50,23.0
Junior Science,10.0,50,20.0
Junior Science,10.0,50,20.0
Junior Science,10.0,50,20.0
Junior Science,9.5,50,19.0
Junior Science,9.0,50,18.0
Junior Science,9.0,50,18.0
Junior Science,9.0,50,18.0
Junior Science,8.0,50,16.0
Junior Science,8.0,50,16.0
Junior Science,8.0,50,16.0
Junior Science,8.0,50,16.0
Junior Science,7.5,50,15.0
Junior Science,7.5,50,15.0
Junior Science,7.5,50,15.0
Junior Science,7.0,50,14.000000000000002
Junior Science,6.5,50,13.0
Junior Science,6.5,50,13.0
Junior Science,5.5,50,11.0
Junior Science,5.5,50,11.0
Junior Science,5.0,50,10.0
Junior Science,3.0,50,6.0
Junior Maths,26.0,50,52.0
Junior Maths,28.0,50,56.00000000000001
Junior Maths,26.0,50,52.0
Junior Maths,33.0,50,66.0
Junior Maths,26.0,50,52.0
Junior Maths,28.0,50,56.00000000000001
Junior Maths,29.0,50,57.99999999999999
Junior Maths,27.0,50,54.0
Junior Maths,38.0,50,76.0
Junior Maths,29.0,50,57.99999999999999
Junior Maths,31.0,50,62.0
Junior Maths,24.0,50,48.0
Junior Maths,23.0,50,46.0
Junior Maths,23.0,50,46.0
Junior Maths,23.0,50,46.0
Junior Maths,23.0,50,46.0
Junior Maths,22.0,50,44.0
Junior Maths,22.0,50,44.0
Junior Maths,22.0,50,44.0
Junior Maths,21.0,50,42.0
Junior Maths,21.0,50,42.0
Junior Maths,21.0,50,42.0
Junior Maths,20.0,50,40.0
Junior Maths,20.0,50,40.0
Junior Maths,20.0,50,40.0
Junior Maths,20.0,50,40.0
Junior Maths,19.0,50,38.0
Junior Maths,19.0,50,38.0
Junior Maths,18.0,50,36.0
Junior Maths,18.0,50,36.0
Junior Maths,17.0,50,34.0
Junior Maths,17.0,50,34.0
Junior Maths,17.0,50,34.0
Junior Maths,16.0,50,32.0
Junior Maths,16.0,50,32.0
Junior Maths,16.0,50,32.0
Junior Maths,16.0,50,32.0
Junior Maths,16.0,50,32.0
Junior Maths,15.0,50,30.0
Junior Maths,15.0,50,30.0
Junior Maths,15.0,50,30.0
Junior Maths,15.0,50,30.0
Junior Maths,15.0,50,30.0
Junior Maths,15.0,50,30.0
Junior Maths,15.0,50,30.0
Junior Maths,14.0,50,28.000000000000004
Junior Maths,14.0,50,28.000000000000004
Junior Maths,14.0,50,28.000000000000004
Junior Maths,14.0,50,28.000000000000004
Junior Maths,13.0,50,26.0
Junior Maths,13.0,50,26.0
Junior Maths,13.0,50,26.0
Junior Maths,12.0,50,24.0
Junior Maths,12.0,50,24.0
Junior Maths,12.0,50,24.0
Junior Maths,11.0,50,22.0
Junior Maths,11.0,50,22.0
Junior Maths,11.0,50,22.0
Junior Maths,10.0,50,20.0
Junior Maths,10.0,50,20.0
Junior Maths,9.0,50,18.0
Junior Maths,9.0,50,18.0
Junior Maths,6.0,50,12.0
Junior Maths,6.0,50,12.0
Junior Maths,5.0,50,10.0
Junior Maths,5.0,50,10.0
Junior Maths,3.0,50,6.0
Junior History,33.0,50,66.0
Junior History,31.0,50,62.0
Junior History,32.0,50,64.0
Junior History,30.0,50,60.0
Junior History,30.5,50,61.0
Junior History,29.5,50,59.0
Junior History,28.0,50,56.00000000000001
Junior History,27.5,50,55.00000000000001
Junior History,27.0,50,54.0
Junior History,25.5,50,51.0
Junior History,25.0,50,50.0
Junior History,22.5,50,45.0
Junior History,21.5,50,43.0
Junior History,21.0,50,42.0
Junior History,18.5,50,37.0
Junior History,18.5,50,37.0
Junior History,12.0,50,24.0
Junior Hindi,32.5,50,65.0
Junior Hindi,31.5,50,63.0
Junior Hindi,32.0,50,64.0
Junior Hindi,31.5,50,63.0
Junior Hindi,32.0,50,64.0
Junior Hindi,37.0,50,74.0
Junior Hindi,31.5,50,63.0
Junior Hindi,35.0,50,70.0
Junior Hindi,30.0,50,60.0
Junior Hindi,30.0,50,60.0
Junior Hindi,29.5,50,59.0
Junior Hindi,29.5,50,59.0
Junior Hindi,29.5,50,59.0
Junior Hindi,29.0,50,57.99999999999999
Junior Hindi,29.0,50,57.99999999999999
Junior Hindi,29.0,50,57.99999999999999
Junior Hindi,28.5,50,56.99999999999999
Junior Hindi,28.5,50,56.99999999999999
Junior Hindi,28.5,50,56.99999999999999
Junior Hindi,28.5,50,56.99999999999999
Junior Hindi,28.5,50,56.99999999999999
Junior Hindi,28.5,50,56.99999999999999
Junior Hindi,28.0,50,56.00000000000001
Junior Hindi,28.0,50,56.00000000000001
Junior Hindi,27.0,50,54.0
Junior Hindi,27.0,50,54.0
Junior Hindi,24.5,50,49.0
Junior Hindi,24.5,50,49.0
Junior Hindi,24.0,50,48.0
Junior Hindi,23.0,50,46.0
Junior Hindi,23.0,50,46.0
Junior Hindi,22.5,50,45.0
Junior Hindi,21.0,50,42.0
Junior Hindi,20.0,50,40.0
Junior Hindi,20.0,50,40.0
Junior Hindi,19.5,50,39.0
Junior Hindi,19.0,50,38.0
Junior Hindi,19.0,50,38.0
Junior Hindi,18.5,50,37.0
Junior Hindi,18.0,50,36.0
Junior Hindi,15.5,50,31.0
Junior Hindi,15.0,50,30.0
Junior Hindi,36.0,50,72.0
Junior English,37.0,50,74.0
Junior English,34.0,50,68.0
Junior English,40.0,50,80.0
Junior English,34.0,50,68.0
Junior English,34.0,50,68.0
Junior English,40.5,50,81.0
Junior English,38.0,50,76.0
Junior English,36.0,50,72.0
Junior English,39.0,50,78.0
Junior English,36.0,50,72.0
Junior English,38.0,50,76.0
Junior English,39.0,50,78.0
Junior English,37.0,50,74.0
Junior English,44.0,50,88.0
Junior English,33.0,50,66.0
Junior English,33.0,50,66.0
Junior English,33.0,50,66.0
Junior English,32.0,50,64.0
Junior English,32.0,50,64.0
Junior English,32.0,50,64.0
Junior English,32.0,50,64.0
Junior English,31.5,50,63.0
Junior English,31.0,50,62.0
Junior English,31.0,50,62.0
Junior English,31.0,50,62.0
Junior English,31.0,50,62.0
Junior English,30.5,50,61.0
Junior English,29.5,50,59.0
Junior English,29.5,50,59.0
Junior English,29.0,50,57.99999999999999
Junior English,28.0,50,56.00000000000001
Junior English,28.0,50,56.00000000000001
Junior English,27.0,50,54.0
Junior English,27.0,50,54.0
Junior English,27.0,50,54.0
Junior English,26.0,50,52.0
Junior English,25.0,50,50.0
Junior English,24.0,50,48.0
Junior English,21.0,50,42.0
Junior English,21.0,50,42.0
Junior English,21.0,50,42.0
Junior English,20.0,50,40.0
Junior English,20.0,50,40.0
Junior English,19.0,50,38.0
Junior English,18.0,50,36.0
Junior English,14.0,50,28.000000000000004
Junior English,8.0,50,16.0
Junior English,34.0,50,68.0
ISC Physics,39.0,50,78.0
ISC Physics,26.0,50,52.0
ISC Physics,25.0,50,50.0
ISC Physics,39.0,50,78.0
ISC Physics,30.0,50,60.0
ISC Physics,44.0,50,88.0
ISC Physics,39.0,50,78.0
ISC Physics,24.0,50,48.0
ISC Physics,23.0,50,46.0
ISC Physics,21.0,50,42.0
ISC Physics,21.0,50,42.0
ISC Physics,20.0,50,40.0
ISC Physics,18.0,50,36.0
ISC Physics,18.0,50,36.0
ISC Physics,18.0,50,36.0
ISC Physics,17.0,50,34.0
ISC Physics,17.0,50,34.0
ISC Physics,16.0,50,32.0
ISC Physics,13.0,50,26.0
ISC Physics,11.0,50,22.0
ISC Physics,10.0,50,20.0
ISC Physics,10.0,50,20.0
ISC Physics,10.0,50,20.0
ISC Physics,9.0,50,18.0
ISC Physics,9.0,50,18.0
ISC Physics,25.0,50,50.0
ISC Maths,33.0,50,66.0
ISC Maths,32.0,50,64.0
ISC Maths,34.0,50,68.0
ISC Maths,48.0,50,96.0
ISC Maths,30.0,50,60.0
ISC Maths,28.0,50,56.00000000000001
ISC Maths,25.0,50,50.0
ISC Maths,24.0,50,48.0
ISC Maths,22.0,50,44.0
ISC Maths,20.0,50,40.0
ISC Maths,20.0,50,40.0
ISC Maths,19.0,50,38.0
ISC Maths,17.0,50,34.0
ISC Maths,17.0,50,34.0
ISC Maths,16.0,50,32.0
ISC Maths,15.0,50,30.0
ISC Maths,15.0,50,30.0
ISC Maths,15.0,50,30.0
ISC Maths,15.0,50,30.0
ISC Maths,14.0,50,28.000000000000004
ISC Maths,14.0,50,28.000000000000004
ISC Maths,11.0,50,22.0
ISC Maths,10.0,50,20.0
ISC Maths,8.0,50,16.0
ISC Maths,8.0,50,16.0
ISC Maths,8.0,50,16.0
ISC Maths,7.0,50,14.000000000000002
ISC Maths,6.0,50,12.0
ISC Maths,3.0,50,6.0
ISC History,31.0,50,62.0
ISC History,24.5,50,49.0
ISC History,32.5,50,65.0
ISC History,36.0,50,72.0
ISC History,21.5,50,43.0
ISC History,15.0,50,30.0
ISC History,14.0,50,28.000000000000004
ISC History,13.0,50,26.0
ISC History,12.5,50,25.0
ISC English,32.0,50,64.0
ISC English,31.0,50,62.0
ISC English,33.5,50,67.0
ISC English,33.0,50,66.0
ISC English,31.0,50,62.0
ISC English,29.5,50,59.0
ISC English,29.5,50,59.0
ISC English,29.0,50,57.99999999999999
ISC English,27.5,50,55.00000000000001
ISC English,27.0,50,54.0
ISC English,25.5,50,51.0
ISC English,25.0,50,50.0
ISC English,24.0,50,48.0
ISC English,23.5,50,47.0
ISC English,22.5,50,45.0
ISC English,22.5,50,45.0
ISC English,20.0,50,40.0
ISC English,15.0,50,30.0
ISC Chemistry,43.5,50,87.0
ISC Chemistry,38.5,50,77.0
ISC Chemistry,27.0,50,54.0
ISC Chemistry,29.5,50,59.0
ISC Chemistry,40.0,50,80.0
ISC Chemistry,41.5,50,83.0
ISC Chemistry,26.0,50,52.0
ISC Chemistry,32.5,50,65.0
ISC Chemistry,37.0,50,74.0
ISC Chemistry,23.5,50,47.0
ISC Chemistry,22.0,50,44.0
ISC Chemistry,21.0,50,42.0
ISC Chemistry,21.0,50,42.0
ISC Chemistry,20.0,50,40.0
ISC Chemistry,19.0,50,38.0
ISC Chemistry,18.5,50,37.0
ISC Chemistry,18.0,50,36.0
ISC Chemistry,15.0,50,30.0
ISC Chemistry,13.0,50,26.0
ISC Chemistry,12.5,50,25.0
ISC Chemistry,10.5,50,21.0
ISC Chemistry,6.0,50,12.0
ISC Chemistry,5.0,50,10.0
ISC Chemistry,35.5,50,71.0
ISC Chemistry,33.5,50,67.0
ISC Chemistry,32.0,50,64.0
ISC Chemistry,31.0,50,62.0
ISC Chemistry,29.0,50,57.99999999999999
ISC Chemistry,27.5,50,55.00000000000001
ISC Chemistry,26.0,50,52.0
ISC Chemistry,26.0,50,52.0
ISC Chemistry,25.0,50,50.0
ISC Biology,28.0,50,56.00000000000001
ISC Biology,27.0,50,54.0
ISC Biology,29.0,50,57.99999999999999
ISC Biology,26.0,50,52.0
ISC Biology,29.0,50,57.99999999999999
ISC Biology,34.0,50,68.0
ISC Biology,23.0,50,46.0
ISC Biology,22.0,50,44.0
ISC Biology,22.0,50,44.0
ISC Biology,22.0,50,44.0
ISC Biology,21.0,50,42.0
ISC Biology,21.0,50,42.0
ISC Biology,20.0,50,40.0
ISC Biology,20.0,50,40.0
ISC Biology,18.0,50,36.0
ISC Biology,17.0,50,34.0
ISC Biology,17.0,50,34.0
ISC Biology,17.0,50,34.0
ISC Biology,17.0,50,34.0
ISC Biology,17.0,50,34.0
ISC Biology,16.5,50,33.0
ISC Biology,16.0,50,32.0
ISC Biology,16.0,50,32.0
ISC Biology,15.0,50,30.0
ISC Biology,15.0,50,30.0
ISC Biology,14.0,50,28.000000000000004
ISC Biology,14.0,50,28.000000000000004
ISC Biology,13.0,50,26.0
ISC Biology,13.0,50,26.0
ISC Biology,12.0,50,24.0
ISC Biology,12.0,50,24.0
ISC Biology,11.0,50,22.0
ISC Biology,10.0,50,20.0
ISC Biology,10.0,50,20.0
ISC Biology,8.0,50,16.0
ISC Biology,7.0,50,14.000000000000002
ISC Biology,6.0,50,12.0
ISC Biology,5.0,50,10.0
ISC Biology,5.0,50,10.0
ISC Biology,5.0,50,10.0
ISC Biology,5.0,50,10.0
ISC Biology,2.0,50,4.0
ISC Accounts,26.5,50,53.0
ISC Accounts,31.0,50,62.0
ISC Accounts,30.5,50,61.0
ISC Accounts,27.0,50,54.0
ISC Accounts,23.0,50,46.0
ISC Accounts,21.5,50,43.0
ISC Accounts,19.0,50,38.0
ISC Accounts,18.5,50,37.0
ISC Accounts,16.5,50,33.0
ISC Accounts,15.0,50,30.0
ISC Accounts,11.5,50,23.0
ISC Accounts,11.0,50,22.0
ISC Accounts,7.0,50,14.000000000000002
ICSE Physics,42.0,50,84.0
ICSE Physics,31.0,50,62.0
ICSE Physics,36.0,50,72.0
ICSE Physics,35.0,50,70.0
ICSE Physics,40.0,50,80.0
ICSE Physics,32.0,50,64.0
ICSE Physics,33.0,50,66.0
ICSE Physics,29.0,50,57.99999999999999
ICSE Physics,28.0,50,56.00000000000001
ICSE Physics,26.0,50,52.0
ICSE Physics,26.0,50,52.0
ICSE Physics,26.0,50,52.0
ICSE Physics,24.0,50,48.0
ICSE Physics,24.0,50,48.0
ICSE Physics,23.0,50,46.0
ICSE Physics,23.0,50,46.0
ICSE Physics,22.0,50,44.0
ICSE Physics,22.0,50,44.0
ICSE Physics,22.0,50,44.0
ICSE Physics,21.0,50,42.0
ICSE Physics,21.0,50,42.0
ICSE Physics,21.0,50,42.0
ICSE Physics,19.0,50,38.0
ICSE Physics,18.0,50,36.0
ICSE Physics,17.0,50,34.0
ICSE Physics,17.0,50,34.0
ICSE Physics,16.0,50,32.0
ICSE Physics,15.0,50,30.0
ICSE Physics,12.0,50,24.0
ICSE Physics,12.0,50,24.0
ICSE Physics,11.0,50,22.0
ICSE Physics,11.0,50,22.0
ICSE Physics,10.0,50,20.0
ICSE Physics,10.0,50,20.0
ICSE Physics,10.0,50,20.0
ICSE Physics,9.0,50,18.0
ICSE Physics,9.0,50,18.0
ICSE Physics,8.0,50,16.0
ICSE Physics,7.0,50,14.000000000000002
ICSE Physics,7.0,50,14.000000000000002
ICSE Physics,6.0,50,12.0
ICSE Physics,6.0,50,12.0
ICSE Physics,32.0,50,64.0
ICSE Maths,42.0,50,84.0
ICSE Maths,45.0,50,90.0
ICSE Maths,43.0,50,86.0
ICSE Maths,39.0,50,78.0
ICSE Maths,37.0,50,74.0
ICSE Maths,35.0,50,70.0
ICSE Maths,32.0,50,64.0
ICSE Maths,28.0,50,56.00000000000001
ICSE Maths,26.0,50,52.0
ICSE Maths,23.0,50,46.0
ICSE Maths,21.0,50,42.0
ICSE Maths,17.0,50,34.0
ICSE Maths,16.0,50,32.0
ICSE Maths,16.0,50,32.0
ICSE Maths,15.0,50,30.0
ICSE Maths,5.0,50,10.0
ICSE History,38.5,50,77.0
ICSE History,46.0,50,92.0
ICSE History,43.0,50,86.0
ICSE History,32.5,50,65.0
ICSE History,32.0,50,64.0
ICSE History,31.0,50,62.0
ICSE History,28.5,50,56.99999999999999
ICSE History,17.5,50,35.0
ICSE History,16.0,50,32.0
ICSE History,16.0,50,32.0
ICSE History,15.5,50,31.0
ICSE History,15.0,50,30.0
ICSE History,14.5,50,28.999999999999996
ICSE History,14.0,50,28.000000000000004
ICSE History,12.5,50,25.0
ICSE History,9.5,50,19.0
ICSE History,8.5,50,17.0
ICSE Computer,75.0,100,75.0
ICSE Computer,90.0,100,90.0
ICSE Computer,94.0,100,94.0
ICSE Computer,38.5,50,77.0
ICSE Computer,37.0,50,74.0
ICSE Computer,36.0,50,72.0
ICSE Computer,35.5,50,71.0
ICSE Computer,35.0,50,70.0
ICSE Computer,34.0,50,68.0
ICSE Computer,32.0,50,64.0
ICSE Computer,27.0,50,54.0
ICSE Computer,26.5,50,53.0
ICSE Computer,25.0,50,50.0
ICSE Computer,24.0,50,48.0
ICSE Computer,22.5,50,45.0
ICSE Computer,20.0,50,40.0
ICSE Computer,19.0,50,38.0
ICSE Computer,17.5,50,35.0
ICSE Computer,16.5,50,33.0
ICSE Computer,11.5,50,23.0
ICSE Computer,11.5,50,23.0
ICSE Computer,9.0,50,18.0
ICSE Computer,9.0,50,18.0
ICSE Computer,8.0,50,16.0
ICSE Computer,7.5,50,15.0
ICSE Computer,7.0,50,14.000000000000002
ICSE Computer,4.5,50,9.0
ICSE Chemistry,45.0,50,90.0
ICSE Chemistry,44.0,50,88.0
ICSE Chemistry,47.0,50,94.0
ICSE Chemistry,42.0,50,84.0
ICSE Chemistry,41.0,50,82.0
ICSE Chemistry,41.0,50,82.0
ICSE Chemistry,38.0,50,76.0
ICSE Chemistry,38.0,50,76.0
ICSE Chemistry,37.0,50,74.0
ICSE Chemistry,37.0,50,74.0
ICSE Chemistry,37.0,50,74.0
ICSE Chemistry,35.0,50,70.0
ICSE Chemistry,35.0,50,70.0
ICSE Chemistry,33.0,50,66.0
ICSE Chemistry,33.0,50,66.0
ICSE Chemistry,31.0,50,62.0
ICSE Chemistry,31.0,50,62.0
ICSE Chemistry,31.0,50,62.0
ICSE Chemistry,30.0,50,60.0
ICSE Chemistry,30.0,50,60.0
ICSE Chemistry,29.0,50,57.99999999999999
ICSE Chemistry,28.0,50,56.00000000000001
ICSE Chemistry,27.0,50,54.0
ICSE Chemistry,26.0,50,52.0
ICSE Chemistry,26.0,50,52.0
ICSE Chemistry,25.0,50,50.0
ICSE Chemistry,25.0,50,50.0
ICSE Chemistry,24.0,50,48.0
ICSE Chemistry,24.0,50,48.0
ICSE Chemistry,23.0,50,46.0
ICSE Chemistry,23.0,50,46.0
ICSE Chemistry,21.0,50,42.0
ICSE Chemistry,21.0,50,42.0
ICSE Chemistry,20.0,50,40.0
ICSE Chemistry,18.0,50,36.0
ICSE Chemistry,16.0,50,32.0
ICSE Chemistry,12.0,50,24.0
ICSE Biology,29.0,50,57.99999999999999
ICSE Biology,34.0,50,68.0
ICSE Biology,29.0,50,57.99999999999999
ICSE Biology,37.0,50,74.0
ICSE Biology,30.0,50,60.0
ICSE Biology,28.0,50,56.00000000000001
ICSE Biology,38.0,50,76.0
ICSE Biology,38.0,50,76.0
ICSE Biology,32.0,50,64.0
ICSE Biology,31.0,50,62.0
ICSE Biology,29.0,50,57.99999999999999
ICSE Biology,28.0,50,56.00000000000001
ICSE Biology,27.0,50,54.0
ICSE Biology,25.0,50,50.0
ICSE Biology,25.0,50,50.0
ICSE Biology,23.0,50,46.0
ICSE Biology,23.0,50,46.0
ICSE Biology,23.0,50,46.0
ICSE Biology,22.0,50,44.0
ICSE Biology,22.0,50,44.0
ICSE Biology,22.0,50,44.0
ICSE Biology,21.5,50,43.0
ICSE Biology,21.0,50,42.0
ICSE Biology,21.0,50,42.0
ICSE Biology,21.0,50,42.0
ICSE Biology,20.5,50,41.0
ICSE Biology,20.0,50,40.0
ICSE Biology,19.5,50,39.0
ICSE Biology,19.0,50,38.0
ICSE Biology,19.0,50,38.0
ICSE Biology,19.0,50,38.0
ICSE Biology,19.0,50,38.0
ICSE Biology,18.0,50,36.0
ICSE Biology,18.0,50,36.0
ICSE Biology,18.0,50,36.0
ICSE Biology,16.5,50,33.0
ICSE Biology,16.0,50,32.0
ICSE Biology,16.0,50,32.0
ICSE Biology,16.0,50,32.0
ICSE Biology,14.5,50,28.999999999999996
ICSE Biology,14.0,50,28.000000000000004
ICSE Biology,14.0,50,28.000000000000004
ICSE Biology,14.0,50,28.000000000000004
ICSE Biology,14.0,50,28.000000000000004
ICSE Biology,14.0,50,28.000000000000004
ICSE Biology,13.0,50,26.0
ICSE Biology,13.0,50,26.0
ICSE Biology,12.0,50,24.0
ICSE Biology,12.0,50,24.0
ICSE Biology,11.0,50,22.0
ICSE Biology,10.0,50,20.0
ICSE Biology,10.0,50,20.0
ICSE Biology,9.0,50,18.0
ICSE Biology,8.0,50,16.0
ICSE Biology,8.0,50,16.0
ICSE Biology,8.0,50,16.0
ICSE Biology,8.0,50,16.0
ICSE Biology,7.0,50,14.000000000000002
ICSE Biology,7.0,50,14.000000000000002
ICSE Biology,7.0,50,14.000000000000002
ICSE Biology,6.0,50,12.0
ICSE Biology,6.0,50,12.0
ICSE Biology,5.5,50,11.0
ICSE Biology,5.0,50,10.0
ICSE Biology,5.0,50,10.0
ICSE Biology,5.0,50,10.0
ICSE Biology,4.0,50,8.0
French Teacher,49.0,50,98.0
French Teacher,23.0,50,46.0
Dance,46.0,50,92.0
Dance,33.0,50,66.0
Dance,17.0,50,34.0
Dance,10.5,50,21.0
Dance,10.0,50,20.0
Dance,5.0,50,10.0
Dance,5.0,50,10.0
Dance,5.0,50,10.0
Dance,33.0,50,66.0
Dance,27.0,50,54.0
Dance,19.0,50,38.0
Commerce,34.0,50,68.0
Commerce,37.0,50,74.0
Commerce,40.0,50,80.0
Commerce,32.5,50,65.0
Commerce,41.0,50,82.0
Commerce,39.0,50,78.0
Commerce,36.0,50,72.0
Commerce,36.0,50,72.0
Commerce,35.0,50,70.0
Commerce,31.0,50,62.0
Commerce,31.0,50,62.0
Commerce,30.5,50,61.0
Commerce,29.0,50,57.99999999999999
Commerce,28.5,50,56.99999999999999
Commerce,27.0,50,54.0
Commerce,26.5,50,53.0
Commerce,25.0,50,50.0
Commerce,25.0,50,50.0
Commerce,24.5,50,49.0
Commerce,23.5,50,47.0
Commerce,23.5,50,47.0
Commerce,23.5,50,47.0
Commerce,22.5,50,45.0
Commerce,20.0,50,40.0
Commerce,20.0,50,40.0
Commerce,20.0,50,40.0
Commerce,18.0,50,36.0
Commerce,17.5,50,35.0
Commerce,17.5,50,35.0
Commerce,16.5,50,33.0
Commerce,15.5,50,31.0
Commerce,15.5,50,31.0
Commerce,14.0,50,28.000000000000004
Commerce,13.0,50,26.0
Commerce,12.0,50,24.0
Commerce,11.0,50,22.0
Commerce,10.5,50,21.0
Commerce,5.0,50,10.0
Art,9.0,20,45.0
Art,11.0,20,55.00000000000001
Art,9.0,20,45.0
Art,9.0,20,45.0
Art,9.0,20,45.0
Art,10.0,20,50.0
Art,9.0,20,45.0
Art,11.0,20,55.00000000000001
Art,8.0,20,40.0
Art,7.0,20,35.0
Art,7.0,20,35.0
Art,5.0,20,25.0
Art,5.0,20,25.0
Primary English,30.0,50,60.0
Primary English,28.0,50,56.00000000000001
Primary English,25.5,50,51.0
Primary English,24.5,50,49.0
Primary English,31.5,50,63.0
Primary English,25.5,50,51.0
Primary English,26.5,50,53.0
Primary English,26.0,50,52.0
Primary English,25.0,50,50.0
Primary English,28.0,50,56.00000000000001
Primary English,25.5,50,51.0
Primary English,25.0,50,50.0
Primary English,34.5,50,69.0
Primary English,25.5,50,51.0
Primary English,24.5,50,49.0
Primary English,29.0,50,57.99999999999999
Primary English,27.5,50,55.00000000000001
Primary English,30.5,50,61.0
Primary English,27.5,50,55.00000000000001
Primary English,25.0,50,50.0
Primary English,30.5,50,61.0
Primary English,24.5,50,49.0
Primary English,28.0,50,56.00000000000001
Primary English,27.5,50,55.00000000000001
Primary English,28.0,50,56.00000000000001
Primary English,33.5,50,67.0
Primary English,25.0,50,50.0
Primary English,27.0,50,54.0
Primary English,26.0,50,52.0
Primary English,25.0,50,50.0
Primary English,34.5,50,69.0
Primary English,24.5,50,49.0
Primary English,26.0,50,52.0
Primary English,23.5,50,47.0
Primary English,23.0,50,46.0
Primary English,23.0,50,46.0
Primary English,23.0,50,46.0
Primary English,23.0,50,46.0
Primary English,23.0,50,46.0
Primary English,23.0,50,46.0
Primary English,22.5,50,45.0
Primary English,22.5,50,45.0
Primary English,22.5,50,45.0
Primary English,22.5,50,45.0
Primary English,22.0,50,44.0
Primary English,22.0,50,44.0
Primary English,22.0,50,44.0
Primary English,22.0,50,44.0
Primary English,21.5,50,43.0
Primary English,21.5,50,43.0
Primary English,21.5,50,43.0
Primary English,21.5,50,43.0
Primary English,21.0,50,42.0
Primary English,21.0,50,42.0
Primary English,21.0,50,42.0
Primary English,20.5,50,41.0
Primary English,20.5,50,41.0
Primary English,20.5,50,41.0
Primary English,20.0,50,40.0
Primary English,20.0,50,40.0
Primary English,20.0,50,40.0
Primary English,20.0,50,40.0
Primary English,20.0,50,40.0
Primary English,19.5,50,39.0
Primary English,19.5,50,39.0
Primary English,19.5,50,39.0
Primary English,19.0,50,38.0
Primary English,19.0,50,38.0
Primary English,19.0,50,38.0
Primary English,19.0,50,38.0
Primary English,18.5,50,37.0
Primary English,18.5,50,37.0
Primary English,18.5,50,37.0
Primary English,18.0,50,36.0
Primary English,18.0,50,36.0
Primary English,18.0,50,36.0
Primary English,18.0,50,36.0
Primary English,18.0,50,36.0
Primary English,18.0,50,36.0
Primary English,17.5,50,35.0
Primary English,17.5,50,35.0
Primary English,17.5,50,35.0
Primary English,17.5,50,35.0
Primary English,17.0,50,34.0
Primary English,16.5,50,33.0
Primary English,16.5,50,33.0
Primary English,16.0,50,32.0
Primary English,16.0,50,32.0
Primary English,16.0,50,32.0
Primary English,16.0,50,32.0
Primary English,15.5,50,31.0
Primary English,15.0,50,30.0
Primary English,15.0,50,30.0
Primary English,14.5,50,28.999999999999996
Primary English,14.5,50,28.999999999999996
Primary English,14.5,50,28.999999999999996
Primary English,14.5,50,28.999999999999996
Primary English,14.0,50,28.000000000000004
Primary English,14.0,50,28.000000000000004
Primary English,13.5,50,27.0
Primary English,13.5,50,27.0
Primary English,13.5,50,27.0
Primary English,13.5,50,27.0
Primary English,13.0,50,26.0
Primary English,13.0,50,26.0
Primary English,13.0,50,26.0
Primary English,12.5,50,25.0
Primary English,12.0,50,24.0
Primary English,12.0,50,24.0
Primary English,11.5,50,23.0
Primary English,11.0,50,22.0
Primary English,10.5,50,21.0
Primary English,10.5,50,21.0
Primary English,10.5,50,21.0
Primary English,10.0,50,20.0
Primary English,9.5,50,19.0
Primary English,9.0,50,18.0
Primary English,9.0,50,18.0
Primary English,8.5,50,17.0
Primary English,8.0,50,16.0
Primary English,7.5,50,15.0
Primary English,5.0,50,10.0
